{"_timestamp":1.7543204564391992e+09,"_wandb":{"runtime":904},"_runtime":904,"_step":29,"train_loss":0.25524441472121645,"val_loss":0.22762702405452728}